[
  {
    "id": 48,
    "dealId": 16,
    "partyId": 46,
    "name": "Bjorn Ironside Electronics Corporation Of India Limited",
    "identityNumber": null,
    "registrationNumber": null,
    "passportNumber": null,
    "address": {
      "id": 47,
      "addressLine1": "It And Tg — Purchase Department At ",
      "addressLine2": "Begumpet Road",
      "suburb": "",
      "city": "Hyderabad",
      "state": "Hyderabad",
      "country": "India",
      "zipCode": "12345",
      "addressType": "Residential"
    },
    "classificationCode": null,
    "partyTypeCode": "CORPORATE",
    "residenceCountryCode": "IN",
    "originCountryCode": "IN",
    "economicSectorId": null,
    "contact": null,
    "partyCategoryCode": null,
    "countryCode": "IN",
    "authorisedSignatures": null,
    "swiftKey": null,
    "swiftMessageDirections": null,
    "bankTypeCode": null,
    "statusCode": null,
    "telex": null,
    "answerBack": null,
    "clearingSystemCode": null,
    "fedwireNo": null,
    "effectiveDate": null,
    "dealPartyTypeCode": "02",
    "customer": false,
    "misc": null,
    "accountNo": null,
    "kycStatus": null,
    "industryTypeId": null,
    "legalEntityName": null,
    "surname": null,
    "tradeName": null,
    "notEditable": false,
    "view": true,
    "edit": false,
    "search": false,
    "multiple": false,
    "add": true
  },
  {
    "id": 51,
    "dealId": 16,
    "partyId": 49,
    "name": "Axis Bank Limited",
    "identityNumber": null,
    "registrationNumber": null,
    "passportNumber": null,
    "address": {
      "id": 50,
      "addressLine1": "Maker Towers F Floor 13",
      "addressLine2": "Cuffe Parade, Colaba",
      "suburb": "Colaba",
      "city": "Mumbai",
      "state": "",
      "country": "India",
      "zipCode": "32165",
      "addressType": "Residential"
    },
    "classificationCode": null,
    "partyTypeCode": "FI",
    "residenceCountryCode": "IN",
    "originCountryCode": "IN",
    "economicSectorId": null,
    "contact": null,
    "partyCategoryCode": null,
    "countryCode": "IN",
    "authorisedSignatures": null,
    "swiftKey": "AXISINBB",
    "swiftMessageDirections": null,
    "bankTypeCode": null,
    "statusCode": null,
    "telex": null,
    "answerBack": null,
    "clearingSystemCode": null,
    "fedwireNo": null,
    "effectiveDate": null,
    "dealPartyTypeCode": "03",
    "customer": false,
    "misc": null,
    "accountNo": null,
    "kycStatus": null,
    "industryTypeId": null,
    "legalEntityName": null,
    "surname": null,
    "tradeName": null,
    "notEditable": false,
     "view": true,
     "edit": false,
    "search": true,
    "multiple": true,
    "add": false
  },
  {
    "id": 58,
    "dealId": 16,
    "partyId": 55,
    "name": null,
    "identityNumber": null,
    "registrationNumber": null,
    "passportNumber": null,
    "address": {
      "id": 56,
      "addressLine1": null,
      "addressLine2": null,
      "suburb": null,
      "city": null,
      "state": null,
      "country": "BD",
      "zipCode": null,
      "addressType": null
    },
    "classificationCode": null,
    "partyTypeCode": "OTHER",
    "residenceCountryCode": null,
    "originCountryCode": null,
    "economicSectorId": 1,
    "contact": {
      "id": 57,
      "contactPerson": null,
      "mobileNumber": null,
      "officeNumber": null,
      "email": null,
      "alternativeEmail": null,
      "preferredCommunicationType": null,
      "faxNumber": null
    },
    "partyCategoryCode": null,
    "countryCode": null,
    "authorisedSignatures": null,
    "swiftKey": null,
    "swiftMessageDirections": null,
    "bankTypeCode": null,
    "statusCode": null,
    "telex": null,
    "answerBack": null,
    "clearingSystemCode": null,
    "fedwireNo": null,
    "effectiveDate": null,
    "dealPartyTypeCode": "05",
    "customer": false,
    "misc": null,
    "accountNo": null,
    "kycStatus": null,
    "industryTypeId": 6,
    "legalEntityName": "Test",
    "surname": null,
    "tradeName": null,
    "notEditable": false,
     "view": true,
     "edit": true,
    "search": true,
    "multiple": true,
    "add": true
  },
  {
    "id": null,
    "dealId": null,
    "partyId": null,
    "name": "ABSA",
    "identityNumber": null,
    "registrationNumber": null,
    "passportNumber": null,
    "address": null,
    "classificationCode": null,
    "partyTypeCode": null,
    "residenceCountryCode": null,
    "originCountryCode": null,
    "economicSectorId": null,
    "contact": null,
    "partyCategoryCode": null,
    "countryCode": "ZA",
    "authorisedSignatures": null,
    "swiftKey": null,
    "swiftMessageDirections": null,
    "bankTypeCode": null,
    "statusCode": null,
    "telex": null,
    "answerBack": null,
    "clearingSystemCode": null,
    "fedwireNo": null,
    "effectiveDate": null,
    "dealPartyTypeCode": "04",
    "customer": true,
    "misc": null,
    "accountNo": null,
    "kycStatus": null,
    "industryTypeId": null,
    "legalEntityName": "ABSA",
    "surname": null,
    "tradeName": "ABSA",
    "notEditable": true,
     "view": true,
     "edit": false,
    "search": false,
    "multiple": false,
    "add": false
  },
  {
    "id": null,
    "dealId": null,
    "partyId": null,
    "name": "Jan",
    "identityNumber": "7804245010085",
    "registrationNumber": null,
    "passportNumber": null,
    "address": null,
    "classificationCode": null,
    "partyTypeCode": null,
    "residenceCountryCode": null,
    "originCountryCode": null,
    "economicSectorId": null,
    "contact": {
      "id": null,
      "contactPerson": "Jan",
      "mobileNumber": "0827824780",
      "officeNumber": "0123456789",
      "email": "jannie@pieterse.me",
      "alternativeEmail": "jannie.pieterse@barclays.com",
      "preferredCommunicationType": null,
      "faxNumber": null
    },
    "partyCategoryCode": null,
    "countryCode": null,
    "authorisedSignatures": null,
    "swiftKey": null,
    "swiftMessageDirections": null,
    "bankTypeCode": null,
    "statusCode": null,
    "telex": null,
    "answerBack": null,
    "clearingSystemCode": null,
    "fedwireNo": null,
    "effectiveDate": null,
    "dealPartyTypeCode": "01",
    "customer": true,
    "misc": null,
    "accountNo": 4052565890,
    "kycStatus": "Y",
    "industryTypeId": null,
    "legalEntityName": "2",
    "surname": "Pieterse",
    "tradeName": "Jannie",
    "notEditable": true,
     "view": true,
     "edit": false,
    "search": false,
    "multiple": false,
    "add": false
  }
]