<?xml version="1.0" encoding="UTF-8"?>
<definitions xmlns="http://www.omg.org/spec/BPMN/20100524/MODEL" xmlns:xsi="http://www.w3.org/2001/XMLSchema-instance" xmlns:xsd="http://www.w3.org/2001/XMLSchema" xmlns:activiti="http://activiti.org/bpmn" xmlns:bpmndi="http://www.omg.org/spec/BPMN/20100524/DI" xmlns:omgdc="http://www.omg.org/spec/DD/20100524/DC" xmlns:omgdi="http://www.omg.org/spec/DD/20100524/DI" typeLanguage="http://www.w3.org/2001/XMLSchema" expressionLanguage="http://www.w3.org/1999/XPath" targetNamespace="http://www.activiti.org/test">
  <collaboration id="Collaboration">
    <participant id="pool1" name="Approval" processRef="approval"></participant>
  </collaboration>
  <process id="approval" name="approval" isExecutable="true">
    <laneSet id="laneSet_approval">
      <lane id="lane1" name="Trade Ops">
        <flowNodeRef>reviewApplicationTask</flowNodeRef>
        <flowNodeRef>startevent1</flowNodeRef>
        <flowNodeRef>endevent1</flowNodeRef>
      </lane>
    </laneSet>
    <userTask id="reviewApplicationTask" name="Review Application" activiti:candidateGroups="trade-ops">
      <extensionElements>
        <activiti:formProperty id="name" name="Customer" variable="customer" writable="false"></activiti:formProperty>
        <activiti:formProperty id="createdBy" name="Created by" variable="initiator" writable="false"></activiti:formProperty>
      </extensionElements>
    </userTask>
    <startEvent id="startevent1" name="Start" activiti:initiator="initiator"></startEvent>
    <sequenceFlow id="flow1" sourceRef="startevent1" targetRef="reviewApplicationTask"></sequenceFlow>
    <endEvent id="endevent1" name="End"></endEvent>
    <sequenceFlow id="flow2" sourceRef="reviewApplicationTask" targetRef="endevent1"></sequenceFlow>
  </process>
  <bpmndi:BPMNDiagram id="BPMNDiagram_Collaboration">
    <bpmndi:BPMNPlane bpmnElement="Collaboration" id="BPMNPlane_Collaboration">
      <bpmndi:BPMNShape bpmnElement="pool1" id="BPMNShape_pool1">
        <omgdc:Bounds height="511.0" width="1081.0" x="70.0" y="20.0"></omgdc:Bounds>
      </bpmndi:BPMNShape>
      <bpmndi:BPMNShape bpmnElement="lane1" id="BPMNShape_lane1">
        <omgdc:Bounds height="511.0" width="1061.0" x="90.0" y="20.0"></omgdc:Bounds>
      </bpmndi:BPMNShape>
      <bpmndi:BPMNShape bpmnElement="reviewApplicationTask" id="BPMNShape_reviewApplicationTask">
        <omgdc:Bounds height="61.0" width="111.0" x="240.0" y="50.0"></omgdc:Bounds>
      </bpmndi:BPMNShape>
      <bpmndi:BPMNShape bpmnElement="startevent1" id="BPMNShape_startevent1">
        <omgdc:Bounds height="35.0" width="35.0" x="160.0" y="63.0"></omgdc:Bounds>
      </bpmndi:BPMNShape>
      <bpmndi:BPMNShape bpmnElement="endevent1" id="BPMNShape_endevent1">
        <omgdc:Bounds height="35.0" width="35.0" x="470.0" y="63.0"></omgdc:Bounds>
      </bpmndi:BPMNShape>
      <bpmndi:BPMNEdge bpmnElement="flow1" id="BPMNEdge_flow1">
        <omgdi:waypoint x="195.0" y="80.0"></omgdi:waypoint>
        <omgdi:waypoint x="240.0" y="80.0"></omgdi:waypoint>
      </bpmndi:BPMNEdge>
      <bpmndi:BPMNEdge bpmnElement="flow2" id="BPMNEdge_flow2">
        <omgdi:waypoint x="351.0" y="80.0"></omgdi:waypoint>
        <omgdi:waypoint x="470.0" y="80.0"></omgdi:waypoint>
      </bpmndi:BPMNEdge>
    </bpmndi:BPMNPlane>
  </bpmndi:BPMNDiagram>
</definitions>